Location,Load Demand (kW),Voltage (V),Initial Cost (USD),Maintenance Cost (USD),Energy Source,Transition Cost (USD)
Coastal,63,448,14074,2136,Solar,8374
Mountain,17,214,11406,2356,Hydropower,4700
Urban,73,797,36823,4007,Hydropower,4893
Coastal,33,422,28291,1501,Solar,7811
Coastal,84,667,46568,4363,Hydropower,3679
Mountain,77,139,37003,3340,Solar,4904
Urban,92,965,39406,3436,Solar,8260
Urban,29,139,28312,2552,Hydropower,1504
Coastal,13,958,48108,2132,Hydropower,7773
Rural,46,848,6382,2921,Wind,4816
Coastal,35,388,39171,564,Hydropower,1717
Coastal,6,361,46779,2590,Wind,5434
Coastal,82,315,8292,1146,Hydropower,1658
Coastal,69,246,46779,1577,Solar,6057
Mountain,47,435,38187,1639,Hydropower,5008
Urban,25,267,17411,3380,Solar,5994
Mountain,66,191,42285,540,Solar,5234
Mountain,10,452,20422,3189,Solar,4764
Mountain,56,670,47468,582,Wind,5637
Coastal,30,670,37371,1756,Hydropower,3104
Rural,5,915,10693,499,Solar,7801
Urban,33,780,38535,338,Solar,9575
Rural,65,880,19818,558,Wind,3607
Mountain,18,462,36238,1722,Hydropower,9385
Mountain,96,656,35874,3656,Hydropower,4719
Rural,49,444,31715,1827,Wind,3581
Rural,11,792,32605,1503,Wind,3565
Rural,85,269,39317,1334,Hydropower,3763
Mountain,26,455,36174,2386,Wind,7328
Mountain,63,290,14956,3370,Hydropower,6991
Urban,89,766,43908,4035,Hydropower,4406
Urban,86,521,15837,2351,Solar,9923
Mountain,59,799,8716,1437,Solar,5780
Rural,27,106,9481,3935,Hydropower,5177
Rural,49,232,29282,3034,Hydropower,7476
Urban,77,846,11548,4460,Hydropower,3604
Mountain,33,656,42605,1198,Hydropower,9181
Urban,98,925,12758,2767,Hydropower,3382
Urban,99,860,48668,1507,Hydropower,1531
Coastal,1,130,28177,856,Wind,7079
Coastal,21,634,29022,2860,Hydropower,1634
Coastal,55,525,45761,2411,Wind,1002
Rural,6,493,10542,2109,Wind,9397
Mountain,92,771,30476,3930,Hydropower,6951
Mountain,81,462,35784,2246,Hydropower,6626
Mountain,69,536,27740,3362,Wind,8739
Mountain,95,769,29817,1340,Wind,7003
Coastal,5,650,21052,466,Hydropower,3890
Rural,3,181,40153,2045,Hydropower,7239
Rural,53,455,5671,1908,Wind,9026
Coastal,23,357,5163,3830,Wind,4306
Rural,53,817,46424,3411,Wind,1897
Coastal,37,688,49002,2493,Solar,1670
Mountain,74,623,9795,3932,Wind,8291
Coastal,74,394,15634,4029,Solar,2505
Mountain,83,323,9798,1710,Hydropower,7460
Mountain,17,624,27420,675,Hydropower,6167
Urban,85,145,34300,1176,Wind,6255
Coastal,78,766,29345,1407,Hydropower,1249
Urban,73,212,15749,2160,Hydropower,7457
Coastal,1,332,43595,757,Hydropower,2892
Coastal,51,116,30121,1082,Hydropower,4439
Urban,45,459,42487,2394,Solar,3854
Urban,77,322,33411,4961,Solar,4792
Coastal,4,965,38361,2867,Wind,6330
Rural,62,799,26223,4877,Wind,8871
Mountain,65,547,12394,4990,Wind,9235
Urban,32,955,19056,1810,Hydropower,4612
Mountain,34,464,33380,3688,Hydropower,3618
Rural,92,774,31035,2654,Solar,5678
Rural,95,425,35620,4694,Solar,4163
Rural,72,566,24877,2146,Wind,3942
Urban,39,513,48404,4999,Solar,9411
Rural,26,554,35911,3008,Solar,2925
Urban,34,685,37784,4025,Solar,3972
Rural,54,332,8191,3736,Solar,1990
Mountain,3,323,38160,4002,Solar,2812
Mountain,50,930,30000,4377,Wind,9995
Coastal,12,511,44040,4899,Wind,1489
Mountain,65,671,8631,2170,Solar,6876
Coastal,54,434,11172,4022,Wind,4645
Mountain,5,321,47080,3019,Hydropower,8081
Urban,94,136,28561,1102,Solar,3891
Mountain,94,377,29817,564,Hydropower,4516
Coastal,57,295,25281,4458,Wind,4340
Coastal,17,963,33671,3319,Wind,7410
Rural,47,583,30364,2758,Hydropower,1053
Urban,23,341,46674,2063,Wind,3575
Mountain,79,423,32425,315,Solar,1615
Rural,85,830,33602,2584,Hydropower,6944
Mountain,14,291,28253,4135,Solar,8404
Mountain,66,116,28472,2690,Hydropower,1954
Rural,75,623,13080,1142,Wind,2629
Rural,51,500,12099,1924,Hydropower,7859
Rural,38,985,30431,2534,Hydropower,9841
Rural,64,804,36186,2967,Solar,4278
Rural,98,121,35111,1337,Wind,6455
Mountain,38,573,44851,2727,Solar,4801
Rural,50,219,27614,4317,Wind,3561
Urban,98,309,31724,3620,Solar,7539
Coastal,82,405,46991,4978,Hydropower,1370
Rural,30,369,9940,4106,Solar,1857
Rural,79,803,33758,3837,Wind,5886
Mountain,91,786,41224,3153,Wind,8485
Rural,51,384,12788,2567,Hydropower,1383
Rural,63,815,33082,4421,Wind,5334
Rural,98,775,29034,476,Solar,5290
Mountain,52,862,40479,2199,Hydropower,3725
Rural,38,326,16280,1427,Wind,7204
Coastal,97,480,23052,3952,Wind,7111
Mountain,88,559,21531,3935,Solar,5251
Coastal,79,106,27804,895,Solar,1922
Mountain,30,128,33903,1509,Hydropower,3915
Rural,51,132,49857,4352,Wind,8957
Coastal,81,745,15142,3434,Solar,4046
Mountain,5,978,14866,4314,Hydropower,2230
Urban,29,178,9531,2511,Wind,8647
Rural,4,558,43098,3041,Wind,5933
Mountain,10,669,43278,4408,Hydropower,4940
Urban,56,637,33138,3759,Hydropower,7483
Mountain,17,581,32065,3598,Solar,1203
Urban,74,529,34956,741,Wind,1160
Rural,17,837,46732,2894,Wind,9960
Coastal,84,384,44261,4874,Wind,4748
Urban,88,615,15759,1288,Hydropower,7718
Mountain,69,198,10439,3563,Solar,3581
Rural,34,496,47533,224,Wind,2093
Urban,6,588,33270,1772,Hydropower,5500
Mountain,53,138,18279,3158,Wind,9799
Mountain,66,370,44279,4436,Solar,6710
Mountain,77,986,49251,1967,Wind,3875
Urban,43,896,28888,4943,Solar,4191
Urban,75,256,22630,2435,Solar,2837
Urban,23,174,40144,400,Wind,1689
Coastal,55,983,36182,3398,Wind,4759
Urban,80,899,30538,456,Solar,3103
Urban,95,229,16824,3947,Hydropower,1365
Urban,75,786,37125,4842,Solar,9092
Coastal,16,183,11979,2441,Wind,5172
Urban,8,121,31189,3375,Wind,7033
Mountain,4,558,47600,3806,Hydropower,3378
Urban,4,638,17504,3536,Solar,2205
Mountain,56,806,25669,613,Solar,5988
Mountain,25,948,11910,2214,Solar,6669
Mountain,67,481,39964,1581,Wind,3735
Coastal,96,847,25131,1298,Solar,9490
Coastal,67,539,30227,3626,Hydropower,1956
Coastal,27,703,10978,3855,Wind,7623
Urban,93,120,26991,1109,Wind,2474
Mountain,32,402,22153,387,Solar,5460
Coastal,50,968,38548,4244,Hydropower,8002
Coastal,61,183,47676,3956,Wind,7396
Urban,51,873,44071,2215,Wind,3828
Coastal,19,758,8983,2292,Solar,3850
Urban,21,552,14503,3844,Solar,3964
Rural,5,486,34921,2330,Hydropower,5594
Coastal,82,606,21905,557,Solar,7644
Rural,92,356,28953,2622,Hydropower,3850
Urban,42,669,31806,4457,Wind,1165
Mountain,61,991,50000,4745,Hydropower,1919
Coastal,22,626,27168,1697,Hydropower,9305
Urban,21,261,9583,2358,Hydropower,4504
Mountain,70,262,43714,2755,Wind,1991
Mountain,1,931,44896,2542,Solar,7047
Rural,5,892,16889,3151,Wind,4839
Urban,12,891,32413,1438,Solar,2258
Mountain,90,623,17275,1173,Hydropower,8609
Coastal,46,885,7461,4927,Hydropower,9706
Coastal,34,370,19291,4165,Hydropower,5804
Rural,49,591,16435,1250,Hydropower,1067
Mountain,78,307,32935,3901,Hydropower,6660
Urban,90,638,38453,2980,Solar,5478
Coastal,45,683,23544,1788,Solar,9210
Mountain,27,159,17258,4078,Hydropower,4521
Mountain,73,529,35841,2568,Wind,1572
Rural,26,756,15736,636,Wind,8082
Coastal,47,704,42643,3028,Hydropower,8832
Coastal,86,408,48950,1756,Solar,6395
Urban,56,619,39964,4058,Wind,3258
Coastal,94,690,33044,1504,Wind,7039
Urban,63,126,44933,2584,Wind,1650
Coastal,48,785,20997,382,Hydropower,6741
Rural,61,661,19215,1789,Wind,7838
Coastal,81,298,38069,1787,Wind,3587
Urban,26,486,28911,859,Wind,8876
Urban,36,448,22030,359,Wind,4262
Rural,1,792,34334,4153,Solar,2338
Coastal,8,635,19571,1211,Hydropower,5996
Coastal,99,927,47719,252,Hydropower,6780
Rural,52,477,33927,2507,Solar,3827
Coastal,79,998,25714,1428,Solar,6232
Coastal,47,657,48541,1235,Hydropower,3217
Urban,56,626,28387,3902,Wind,4539
Coastal,86,252,33444,4245,Wind,8845
Coastal,14,833,24921,4649,Hydropower,5383
Rural,90,305,18057,1464,Wind,3961
Rural,28,554,29858,2084,Solar,4226
Mountain,87,372,49638,2009,Wind,7837
Urban,78,993,31062,3367,Wind,8031
Coastal,88,335,41850,3997,Wind,4716
Coastal,2,951,25567,2541,Hydropower,4414
Mountain,26,839,34739,3614,Solar,2448
Coastal,14,620,48285,1017,Wind,1570
Urban,59,777,8754,2637,Hydropower,3904
Mountain,56,930,32044,1088,Wind,3505
Urban,7,825,6724,867,Solar,1917
Mountain,3,600,6376,4928,Wind,7982
Mountain,23,216,13706,2824,Solar,8427
Rural,18,485,13894,4432,Wind,7336
Urban,38,443,23037,4723,Solar,2678
Coastal,99,683,23450,1018,Wind,1615
Coastal,15,494,21406,2388,Solar,8086
Urban,64,163,34725,1306,Wind,5749
Coastal,89,816,10926,2424,Wind,4505
Coastal,28,820,44019,397,Hydropower,5529
Urban,74,171,14496,2871,Hydropower,2135
Mountain,39,888,41068,3692,Solar,9566
Urban,57,373,34806,2648,Wind,8226
Mountain,17,419,27663,670,Solar,6162
Coastal,86,437,46321,2148,Hydropower,1206
Coastal,90,465,41495,4099,Solar,5875
Coastal,44,594,27656,2210,Solar,2319
Rural,25,706,30860,4000,Hydropower,2141
Mountain,17,265,21832,4318,Wind,5627
Rural,13,643,43787,3996,Solar,8389
Rural,84,110,26727,4188,Hydropower,3690
Urban,25,400,47815,434,Wind,8323
Rural,68,828,34545,1128,Hydropower,4255
Urban,10,900,49522,3807,Solar,9281
Urban,67,201,7520,722,Wind,6213
Rural,18,524,8081,3723,Wind,5108
Mountain,100,491,39196,4726,Hydropower,4020
Mountain,86,878,41735,1829,Hydropower,2857
Mountain,34,313,44213,4828,Hydropower,9996
Mountain,8,790,19566,1516,Wind,3789
Mountain,40,187,19042,3057,Wind,4875
Rural,83,652,30498,1324,Solar,8605
Rural,42,500,16329,2787,Wind,9135
Coastal,41,687,36656,1223,Solar,7055
Mountain,6,988,7159,1578,Hydropower,4882
Rural,52,145,42900,3574,Hydropower,8175
Coastal,26,771,24363,1719,Wind,8129
Mountain,64,562,48241,426,Hydropower,6021
Urban,98,691,24033,1091,Hydropower,5735
Coastal,59,409,15805,4272,Wind,3387
Rural,56,185,40851,2457,Solar,7582
Urban,59,191,31832,2988,Wind,6866
Urban,70,759,18944,596,Solar,3566
Urban,33,772,24873,2278,Wind,1975
Coastal,53,813,45372,4944,Wind,8212
Rural,22,341,28928,4624,Hydropower,2262
Urban,21,964,20379,3437,Wind,6047
Mountain,70,101,41751,4093,Wind,8382
Urban,70,324,39546,2205,Solar,7231
Urban,4,900,29286,2216,Hydropower,4327
Coastal,94,844,10110,3371,Solar,6630
Coastal,75,688,17087,2868,Solar,3259
Rural,62,215,28762,2078,Hydropower,2257
Mountain,62,765,22081,1396,Hydropower,1464
Coastal,94,202,39947,1972,Hydropower,4294
Urban,95,293,14596,361,Wind,7774
Rural,24,265,43019,4176,Hydropower,8431
Urban,55,970,47003,1951,Hydropower,2230
Urban,9,189,23313,975,Hydropower,4805
Coastal,3,785,6013,1139,Solar,7419
Rural,31,221,28705,3420,Solar,6750
Mountain,40,242,6828,739,Wind,4856
Mountain,36,205,12909,1661,Solar,4135
Coastal,24,986,43356,555,Wind,7953
Coastal,95,527,18109,3804,Solar,7034
Rural,6,404,7023,3523,Hydropower,5589
Mountain,66,971,19537,434,Solar,2546
Mountain,84,416,31661,1748,Wind,7065
Mountain,92,734,43659,2296,Solar,2094
Urban,75,108,38848,4413,Hydropower,3411
Mountain,4,873,42804,2301,Wind,3617
Urban,79,172,20379,1873,Hydropower,9954
Rural,6,458,32766,2300,Hydropower,5145
Urban,94,322,48590,3857,Wind,3775
Rural,51,515,7563,4853,Hydropower,7628
Mountain,62,652,41060,3796,Hydropower,4155
Mountain,57,469,34197,3948,Solar,4970
Rural,66,815,8586,3373,Hydropower,8972
Coastal,79,363,21087,2015,Hydropower,9775
Rural,75,939,28225,4041,Hydropower,6415
Coastal,8,789,34750,2205,Hydropower,5331
Urban,26,959,11643,4693,Wind,2942
Urban,51,417,32523,874,Solar,7026
Urban,45,183,41727,586,Hydropower,9301
Mountain,44,417,16005,2358,Hydropower,1191
Urban,5,210,48543,2861,Wind,1861
Coastal,70,350,5161,2264,Hydropower,7711
Urban,26,482,21029,4051,Wind,1649
Rural,68,106,19226,3453,Solar,5134
Rural,19,558,33731,4836,Solar,8587
Mountain,84,183,48922,4466,Hydropower,9828
Rural,97,307,49848,939,Hydropower,2036
Coastal,20,999,8390,1601,Hydropower,5131
Urban,12,489,10997,3459,Wind,3148
Mountain,47,413,17693,2477,Hydropower,6457
Urban,1,121,47092,4104,Hydropower,7079
Urban,90,509,5541,4123,Solar,3430
Coastal,14,994,26817,4414,Hydropower,2879
Rural,64,614,42861,3427,Solar,8542
Rural,38,226,18428,3031,Hydropower,3011
Urban,37,908,48934,3958,Solar,4373
Mountain,11,799,15258,2712,Hydropower,8357
Rural,100,973,21044,2351,Solar,2289
Mountain,77,113,34411,3875,Wind,2447
Rural,3,111,10469,2945,Solar,4199
Mountain,33,186,33854,4066,Solar,7381
Coastal,6,623,11256,3964,Solar,8522
Mountain,50,636,15720,2422,Hydropower,7059
Coastal,10,400,38937,2992,Hydropower,4183
Coastal,5,342,38598,1897,Hydropower,6462
Mountain,23,221,6651,3662,Wind,4216
Coastal,10,246,24194,4263,Wind,4136
Urban,44,666,30051,1724,Solar,4318
Coastal,2,849,32386,4960,Wind,3782
Rural,13,455,14518,232,Solar,8657
Mountain,40,784,21184,4225,Solar,5920
Urban,2,832,38787,2766,Solar,7324
Mountain,84,730,26621,3003,Wind,7327
Rural,65,408,15028,4096,Hydropower,9417
Rural,63,794,17448,3909,Wind,1776
Rural,73,387,39051,919,Solar,6208
Coastal,17,406,35447,4779,Solar,1687
Coastal,9,911,23394,1172,Wind,1529
Mountain,75,693,39501,3918,Solar,6067
Mountain,15,822,35254,4602,Solar,9080
Urban,24,761,23509,4752,Wind,6518
Urban,38,648,19472,2407,Wind,3153
Mountain,35,451,8471,4626,Wind,7094
Coastal,94,411,46796,4520,Solar,7974
Rural,95,972,35268,3230,Solar,5774
Mountain,49,158,13329,3775,Hydropower,8692
Urban,69,742,39865,3316,Hydropower,4103
Coastal,62,813,33272,3485,Wind,3440
Mountain,60,854,47845,843,Hydropower,5135
Mountain,50,134,11397,4911,Solar,8124
Coastal,78,544,37373,394,Hydropower,6201
Mountain,75,192,40525,4196,Solar,1844
Coastal,9,306,29570,688,Wind,1446
Rural,34,452,23284,2404,Wind,4915
Coastal,76,431,23994,2857,Solar,4109
Coastal,99,916,28284,3476,Hydropower,2234
Coastal,35,961,22833,1302,Wind,7587
Mountain,1,824,30122,1441,Wind,1226
Mountain,40,258,10017,715,Hydropower,5143
Coastal,64,123,21370,592,Hydropower,8185
Mountain,22,503,34252,830,Solar,6558
Urban,60,904,12999,3916,Hydropower,1186
Urban,64,615,27436,2047,Hydropower,3535
Mountain,93,831,47963,2855,Hydropower,2932
Mountain,72,463,7096,1179,Solar,3032
Coastal,11,481,30279,4729,Solar,2252
Rural,14,631,48363,3602,Wind,6509
Mountain,60,251,31201,4071,Solar,6074
Urban,30,661,24715,477,Wind,2881
Coastal,35,788,34309,432,Hydropower,1269
Mountain,85,707,20078,1752,Wind,2630
Urban,37,716,10105,3470,Wind,5405
Urban,5,519,34312,2609,Hydropower,7139
Rural,83,349,7839,3712,Wind,2574
Coastal,78,216,8384,225,Solar,2695
Coastal,26,965,48619,660,Solar,4258
Rural,62,611,47821,3964,Solar,4262
Rural,4,839,18493,3631,Solar,2445
Coastal,89,677,22069,3683,Wind,7263
Coastal,42,434,12531,2194,Wind,9411
Mountain,89,517,42051,690,Hydropower,1052
Mountain,18,873,12736,1272,Wind,6570
Rural,40,394,12710,3373,Wind,8579
Mountain,72,854,6619,415,Wind,2666
Urban,39,470,18975,1923,Hydropower,7901
Mountain,14,285,28252,1792,Solar,3785
Mountain,32,345,20261,2806,Wind,1719
Urban,51,736,6431,358,Hydropower,9597
Rural,38,367,14067,4981,Hydropower,7855
Urban,97,742,42481,3513,Hydropower,3294
Mountain,23,336,32037,3041,Solar,9263
Rural,63,629,14557,1976,Wind,5482
Mountain,15,651,14435,2252,Hydropower,1698
Urban,97,120,42766,2495,Solar,8243
Urban,25,836,5162,1896,Hydropower,6918
Mountain,17,966,39742,3193,Hydropower,1348
Coastal,97,893,24675,2669,Hydropower,6374
Coastal,66,619,13461,2146,Hydropower,8869
Urban,78,199,22015,4009,Hydropower,1307
Urban,53,851,37591,2983,Solar,4416
Coastal,51,577,33047,3844,Wind,5820
Coastal,39,698,39782,2700,Wind,4558
Mountain,51,397,14833,3845,Wind,5478
Mountain,70,625,12896,2845,Wind,7531
Coastal,6,433,37972,2549,Solar,5620
Mountain,67,101,46800,2132,Solar,3985
Mountain,7,474,35508,3494,Solar,9112
Rural,51,392,10347,1957,Hydropower,9467
Mountain,72,936,35314,1316,Hydropower,3547
Urban,42,652,7643,2767,Hydropower,1336
Mountain,64,417,45785,3699,Wind,3979
Mountain,15,601,23681,692,Hydropower,4968
Coastal,29,927,43328,3506,Wind,1910
Urban,33,480,20892,819,Hydropower,2996
Mountain,94,722,22073,3432,Wind,4129
Mountain,27,113,41768,4023,Hydropower,6447
Rural,36,603,35682,2580,Hydropower,7129
Mountain,29,330,37262,1746,Solar,6850
Mountain,38,183,36358,3763,Hydropower,5204
Rural,57,229,19289,1805,Hydropower,8446
Coastal,97,842,12927,3952,Solar,9519
Mountain,27,937,6171,4875,Wind,1314
Rural,55,244,16918,2090,Solar,2134
Urban,33,990,46903,1475,Solar,5876
Coastal,68,956,44110,2943,Wind,9102
Urban,86,127,16929,2693,Hydropower,9347
Urban,66,165,7539,556,Wind,6592
Rural,10,262,41727,1069,Hydropower,2724
Mountain,5,328,27669,1085,Hydropower,4343
Rural,74,360,10432,2201,Wind,1886
Rural,97,548,25644,1483,Solar,1721
Rural,38,523,23745,819,Wind,8678
Rural,13,559,33228,1082,Hydropower,4357
Coastal,31,775,39521,996,Wind,1870
Mountain,47,400,36703,3842,Wind,7751
Urban,100,402,31928,3625,Hydropower,1497
Urban,88,386,23322,1496,Solar,2756
Mountain,52,494,27360,4914,Wind,2117
Urban,56,109,34055,444,Hydropower,3828
Mountain,15,806,47891,3095,Hydropower,2647
Urban,29,729,21376,1129,Wind,7992
Rural,8,369,11588,719,Solar,7771
Urban,5,691,30000,3412,Wind,1142
Mountain,29,704,11304,2609,Solar,3761
Mountain,47,877,12345,207,Solar,4435
Mountain,68,943,34300,2725,Solar,7622
Mountain,76,961,29259,3623,Solar,8069
Mountain,45,460,30470,2219,Wind,5512
Coastal,2,356,28017,4790,Hydropower,2848
Coastal,27,232,20352,4482,Hydropower,3696
Urban,95,375,38365,3867,Hydropower,2717
Mountain,36,875,24446,3871,Hydropower,4072
Urban,36,782,7336,3001,Hydropower,3786
Mountain,26,612,14879,285,Hydropower,4791
Mountain,43,412,37316,3315,Wind,4871
Coastal,27,675,38340,4432,Solar,2806
Coastal,69,985,12521,2668,Hydropower,2504
Rural,20,383,11171,3819,Wind,4308
Coastal,11,220,28481,1836,Hydropower,8117
Rural,74,206,23474,3783,Hydropower,6048
Rural,38,786,49629,4209,Solar,9263
Rural,6,303,26008,3526,Solar,2690
Rural,72,264,6633,2418,Solar,4303
Rural,23,404,17485,2417,Hydropower,4113
Urban,47,596,48617,2569,Hydropower,8850
Coastal,90,731,8648,3838,Hydropower,7416
Rural,46,655,18140,2703,Solar,2504
Mountain,12,923,22921,1143,Wind,9924
Coastal,90,255,19357,3037,Hydropower,4924
Coastal,13,466,8137,2860,Hydropower,9615
Rural,62,818,5097,3136,Hydropower,5485
Urban,82,719,16407,4644,Wind,9100
Rural,89,350,35575,4147,Hydropower,9684
Urban,97,981,17722,1876,Wind,1191
Mountain,60,433,17924,1396,Hydropower,9690
Coastal,43,741,8750,4305,Wind,5917
Mountain,76,610,32733,2987,Hydropower,6831
Urban,100,392,13535,1661,Solar,5322
Urban,68,119,29487,3518,Solar,7999
Mountain,5,381,35651,866,Solar,8282
Urban,37,896,9666,2376,Solar,2874
Mountain,72,100,21994,3943,Hydropower,5763
Coastal,92,218,6727,800,Solar,9464
Mountain,31,134,39622,2852,Wind,2051
Coastal,9,297,15800,4622,Solar,8538
Mountain,51,584,42823,4024,Solar,8411
Urban,29,856,48039,4106,Solar,7320
Mountain,78,158,23708,1179,Hydropower,3105
Urban,40,936,17819,2651,Solar,1307
Mountain,41,260,14369,828,Wind,8737
Mountain,86,790,14283,1829,Solar,4359
Rural,11,305,35573,3896,Solar,4176
Urban,23,111,18171,3630,Solar,2251
Rural,1,589,35933,3874,Wind,6366
Urban,46,375,10774,4129,Solar,2517
Rural,21,792,11519,2965,Wind,7226
Coastal,90,341,15983,4569,Wind,6305
Mountain,36,315,35932,4980,Solar,6869
Urban,54,350,35798,315,Wind,9039
Urban,87,910,23133,2203,Hydropower,5891
Mountain,57,225,19939,892,Solar,5992
Urban,1,316,5781,3362,Solar,2961
Urban,63,405,32624,1305,Wind,3863
Rural,54,896,11823,3208,Wind,7603
Urban,55,284,23489,2361,Solar,5567
Coastal,40,138,44961,353,Hydropower,7513
Coastal,15,322,34118,3899,Wind,5005
Mountain,21,283,39881,4610,Wind,1183
Urban,47,594,21280,3986,Hydropower,8755
Mountain,73,526,27263,1264,Hydropower,4358
Coastal,53,277,18565,4400,Solar,7615
Urban,9,527,25354,2113,Hydropower,7797
Urban,74,393,47951,1416,Solar,9728
Mountain,52,951,30643,2601,Hydropower,8678
Coastal,57,250,28648,1972,Wind,6698
Urban,26,483,46971,2160,Solar,2273
Mountain,41,737,23658,2980,Solar,7653
Coastal,35,912,26253,4946,Solar,2096
Mountain,63,407,31390,3071,Hydropower,9002
Rural,25,435,28128,860,Wind,5247
Urban,90,845,18489,2835,Solar,6314
Rural,75,991,43314,2529,Solar,4354
Coastal,38,474,37658,4154,Solar,1270
Rural,2,107,11852,2650,Solar,2186
Rural,7,440,34450,1332,Wind,7305
Coastal,82,228,7551,899,Hydropower,3398
Mountain,91,875,11411,2238,Wind,7995
Rural,34,768,38243,4847,Solar,8299
Mountain,91,451,26800,4700,Wind,5182
Rural,17,457,15403,4757,Solar,3230
Mountain,43,616,12239,2379,Hydropower,7511
Coastal,59,594,11710,3038,Hydropower,1128
Rural,51,185,26384,1073,Hydropower,4672
Coastal,54,274,26038,283,Solar,5765
Rural,24,901,45846,1622,Wind,4970
Coastal,25,292,27447,2875,Hydropower,8545
Coastal,71,410,7285,3380,Solar,6552
Rural,52,218,42991,4516,Solar,1627
Rural,70,317,18521,4175,Wind,7589
Rural,88,526,11971,1591,Hydropower,3044
Urban,33,513,34139,3418,Solar,3341
Mountain,49,213,24909,4407,Wind,6884
Urban,29,244,16531,814,Hydropower,9185
Urban,63,637,19721,3171,Wind,1249
Coastal,22,747,24206,3765,Wind,3925
Rural,26,402,42711,3776,Solar,6043
Mountain,28,843,11530,4770,Solar,1974
Coastal,85,980,16116,470,Solar,8192
Urban,49,687,5258,4266,Wind,3672
Rural,71,939,5282,2668,Solar,8279
Coastal,81,444,18937,1590,Wind,8531
Rural,84,913,6898,3554,Wind,9662
Coastal,49,900,9135,4335,Solar,2987
Rural,20,100,11629,3807,Hydropower,1090
Urban,86,246,48936,2783,Hydropower,9721
Mountain,92,386,24584,4273,Hydropower,5059
Urban,63,753,28551,3275,Wind,3773
Mountain,61,152,38380,4106,Wind,9383
Rural,49,403,22071,489,Wind,8409
Coastal,71,168,25074,2680,Solar,5440
Urban,1,460,30188,3452,Wind,8347
Mountain,96,701,7307,478,Solar,2008
Urban,13,319,44901,3124,Solar,4783
Mountain,94,803,16205,780,Hydropower,7646
Urban,87,674,10906,453,Hydropower,5298
Mountain,51,684,7591,4476,Hydropower,5668
Mountain,56,260,20149,4976,Solar,5287
Rural,83,780,49918,1024,Solar,3052
Mountain,62,188,44951,4032,Solar,7009
Rural,32,787,30150,899,Wind,2716
Mountain,30,880,36852,1580,Solar,1310
Coastal,29,684,47870,4096,Hydropower,5538
Coastal,49,856,6283,1873,Hydropower,2260
Coastal,45,688,38691,2927,Solar,4932
Mountain,93,258,6125,3356,Solar,1584
Rural,30,588,6529,3588,Hydropower,8616
Rural,16,423,31170,4507,Solar,9551
Mountain,40,709,13438,583,Hydropower,3866
Coastal,19,480,25095,541,Wind,6898
Coastal,18,201,21154,2187,Hydropower,3011
Rural,1,593,13004,4259,Wind,7251
Coastal,78,743,14752,3309,Solar,5939
Urban,47,713,48360,4282,Solar,5006
Rural,66,118,31819,4715,Wind,2625
Coastal,92,553,41632,2998,Solar,1890
Rural,94,581,31515,3440,Wind,7078
Urban,38,693,29217,2188,Solar,8036
Rural,51,496,28172,3614,Hydropower,9923
Rural,63,378,37994,2049,Solar,4961
Rural,4,950,20036,505,Hydropower,3504
Rural,1,464,16739,3813,Hydropower,9806
Urban,8,430,37220,2949,Wind,4806
Mountain,29,740,14587,1335,Solar,7100
Rural,55,443,49517,405,Wind,2719
Rural,3,921,35129,4791,Solar,7686
Coastal,32,554,5645,3650,Hydropower,2587
Rural,10,700,35930,4011,Hydropower,8000
Coastal,74,824,21299,3822,Solar,1896
Mountain,83,754,35090,3799,Solar,6558
Urban,34,164,26953,2751,Wind,9469
Urban,97,175,31475,4508,Solar,5647
Mountain,87,810,23888,509,Solar,3432
Urban,55,242,48732,2908,Solar,4904
Mountain,92,927,21087,2191,Wind,7837
Mountain,32,704,14346,471,Solar,2449
Mountain,50,572,5587,3842,Hydropower,5500
Urban,7,516,17763,4286,Wind,6454
Coastal,93,404,46945,2022,Wind,5117
Mountain,8,835,9079,3473,Hydropower,9869
Rural,65,596,41116,4738,Hydropower,3028
Urban,57,390,25215,4549,Hydropower,7845
Mountain,67,201,30817,720,Solar,4758
Mountain,88,366,29765,1176,Hydropower,6904
Rural,87,966,35112,3922,Solar,5624
Coastal,59,721,30556,3751,Wind,9848
Coastal,72,941,23099,4305,Wind,1165
Coastal,54,876,48553,2973,Hydropower,5591
Mountain,67,102,11450,2752,Solar,1589
Mountain,51,184,18230,3032,Hydropower,5524
Mountain,97,893,34009,4107,Hydropower,3821
Urban,92,427,10433,352,Solar,7509
Rural,8,915,38866,3164,Hydropower,8693
Mountain,34,549,44864,3116,Wind,1071
Rural,35,553,23710,3000,Hydropower,4580
Rural,96,728,16439,1952,Solar,8962
Coastal,88,320,46855,2810,Solar,1268
Urban,78,253,21021,4075,Wind,3462
Mountain,32,764,11416,1304,Solar,2015
Coastal,46,111,11980,2736,Solar,8984
Coastal,16,232,23058,4399,Wind,1406
Mountain,68,403,16101,4054,Hydropower,8384
Rural,37,392,45718,3694,Wind,7049
Coastal,54,399,37602,2114,Hydropower,7169
Rural,85,839,14122,3272,Wind,8982
Urban,14,882,17576,1206,Hydropower,1985
Rural,95,142,32516,606,Wind,5485
Urban,55,442,27433,366,Hydropower,9901
Rural,48,425,6089,708,Wind,3618
Coastal,82,913,42346,1861,Hydropower,7289
Coastal,7,597,14127,3864,Wind,7928
Urban,74,463,15487,3689,Solar,6368
Mountain,7,990,5155,880,Hydropower,5621
Urban,33,526,6958,2724,Wind,8566
Urban,23,120,15693,2320,Hydropower,5670
Rural,85,506,44112,4877,Hydropower,8658
Rural,19,718,43547,4557,Wind,2003
Urban,19,435,33795,1563,Hydropower,8504
Coastal,36,914,26447,1531,Wind,3466
Rural,29,216,41598,2492,Solar,2939
Mountain,60,223,46814,1738,Hydropower,2635
Rural,82,498,30215,3608,Solar,9095
Rural,2,892,14794,760,Hydropower,7265
Mountain,1,903,38209,1299,Hydropower,2895
Urban,47,814,27424,2103,Hydropower,7524
Mountain,69,150,42396,374,Wind,2073
Urban,20,882,11370,2356,Solar,6184
Urban,11,423,14528,2430,Hydropower,3402
Urban,2,888,33276,4487,Wind,5895
Mountain,67,240,49333,4360,Hydropower,8331
Urban,87,569,13179,4120,Wind,2956
Coastal,12,886,21843,1697,Hydropower,8023
Mountain,20,901,28952,4054,Solar,4907
Coastal,5,433,38160,3371,Solar,1807
Urban,37,992,49898,1767,Hydropower,9378
Rural,38,472,34516,1351,Wind,5827
Urban,94,663,15449,568,Hydropower,5524
Coastal,9,593,26125,242,Wind,3284
Coastal,98,638,12418,2107,Hydropower,6313
Mountain,53,768,27746,3690,Wind,1757
Rural,44,850,7454,2735,Solar,5887
Mountain,99,255,22761,4373,Hydropower,4854
Coastal,86,390,20223,3073,Solar,4558
Urban,24,747,11701,2024,Solar,1961
Rural,81,243,7597,1493,Hydropower,4847
Urban,74,205,5141,4969,Hydropower,7726
Urban,30,519,7659,4996,Wind,4575
Rural,59,769,25980,3586,Wind,3418
Mountain,87,757,14031,3172,Solar,5198
Urban,96,101,20037,4122,Wind,2001
Coastal,81,688,43429,1192,Wind,6244
Urban,81,743,11142,2586,Hydropower,8119
Rural,14,189,17109,2440,Wind,5066
Rural,9,444,27010,1676,Solar,3845
Rural,40,449,13787,3607,Wind,9849
Mountain,66,558,47864,589,Solar,6316
Urban,25,362,13472,1199,Hydropower,1422
Mountain,73,450,28383,4820,Solar,7715
Mountain,22,207,9249,2055,Wind,5266
Rural,4,685,39518,858,Hydropower,8549
Rural,26,138,23351,2963,Wind,7316
Mountain,58,258,9088,3863,Hydropower,3710
Urban,29,682,20282,1681,Hydropower,9644
Coastal,98,411,24330,3931,Wind,9069
Mountain,87,340,47409,651,Wind,2657
Urban,37,544,26778,2675,Hydropower,3541
Rural,75,397,29264,3422,Hydropower,7763
Rural,70,135,10075,1737,Wind,4075
Urban,18,183,15412,3293,Solar,4164
Coastal,85,551,33365,1082,Wind,3053
Rural,42,985,12230,4608,Hydropower,9479
Rural,100,874,16002,4268,Wind,6737
Rural,41,921,18947,2766,Solar,4217
Urban,38,484,18686,3477,Wind,2447
Mountain,34,271,34304,574,Hydropower,7009
Rural,17,475,18074,4746,Wind,1607
Mountain,37,784,9493,3897,Hydropower,5552
Coastal,25,461,39228,3262,Hydropower,2764
Rural,76,658,19140,4890,Wind,3671
Rural,87,990,36655,3450,Hydropower,7519
Coastal,86,240,48472,4795,Hydropower,4962
Rural,85,986,11816,4759,Solar,4177
Mountain,27,217,16639,312,Solar,4722
Urban,57,376,34492,3397,Solar,5906
Mountain,31,825,16240,2578,Solar,8263
Urban,6,319,37698,2124,Hydropower,6054
Urban,91,125,31957,339,Wind,1808
Mountain,40,620,37808,1624,Hydropower,1725
Mountain,98,882,10827,3149,Hydropower,8701
Mountain,12,109,37762,3368,Hydropower,2216
Mountain,53,477,13259,716,Wind,5051
Coastal,71,732,19849,2816,Solar,3197
Rural,10,736,21232,1087,Hydropower,3806
Urban,45,781,45572,3304,Hydropower,9970
Mountain,17,683,29173,249,Solar,1972
Mountain,26,251,10374,4151,Hydropower,6634
Mountain,85,819,26174,3760,Wind,8483
Coastal,92,148,28567,218,Hydropower,3123
Mountain,62,253,40292,1673,Hydropower,9790
Mountain,46,958,14277,4261,Solar,1224
Mountain,64,392,36600,2806,Hydropower,2814
Rural,2,679,14885,651,Hydropower,2106
Coastal,54,149,5778,3965,Wind,1124
Mountain,65,763,34165,2638,Solar,4246
Urban,51,630,6492,4510,Solar,3931
Urban,53,711,35462,1749,Wind,3971
Urban,36,159,18615,3674,Hydropower,3017
Coastal,26,266,49900,327,Solar,8415
Coastal,29,301,47946,2961,Solar,3415
Urban,21,956,12851,4656,Hydropower,4096
Mountain,11,245,21288,4864,Hydropower,2609
Coastal,40,775,12156,1615,Solar,1717
Urban,11,538,7044,401,Hydropower,4561
Urban,36,341,12368,2569,Solar,7782
Mountain,59,680,24900,717,Hydropower,2048
Rural,39,786,35600,1541,Hydropower,9307
Coastal,99,660,30634,4976,Wind,8905
Mountain,54,582,14168,2188,Hydropower,6578
Urban,98,207,25961,3745,Wind,2620
Urban,55,325,49096,4720,Hydropower,7548
Mountain,24,772,28852,4002,Solar,8381
Coastal,22,730,38110,3475,Solar,5780
Rural,69,760,37174,3854,Hydropower,4792
Rural,56,761,39215,2634,Hydropower,3941
Urban,33,531,31955,407,Solar,6695
Coastal,36,904,11581,2833,Hydropower,7401
Rural,20,754,49619,4317,Wind,7197
Coastal,83,518,11317,353,Wind,6450
Coastal,99,554,47856,3566,Wind,9975
Urban,81,259,31649,4514,Wind,9432
Rural,62,622,28132,4964,Wind,6874
Mountain,98,749,21789,1718,Hydropower,2553
Urban,73,689,19567,2800,Hydropower,2012
Rural,26,176,19868,2395,Wind,9378
Rural,66,608,29370,4698,Hydropower,2881
Rural,73,540,47533,4891,Hydropower,7799
Rural,73,353,35483,3754,Wind,5586
Rural,40,869,17466,2614,Hydropower,9622
Coastal,17,419,33803,3049,Hydropower,9430
Urban,1,902,23230,1942,Hydropower,7447
Coastal,89,362,22862,1506,Wind,3345
Mountain,61,696,48355,4049,Hydropower,1075
Rural,43,757,36259,4368,Solar,6877
Urban,42,934,38539,4776,Solar,7785
Rural,25,653,26909,4855,Wind,5922
Urban,39,473,35795,4395,Solar,9090
Coastal,35,736,13770,2755,Wind,3330
Urban,3,266,16093,2505,Solar,5686
Mountain,44,852,5193,4708,Solar,2902
Mountain,51,558,39775,1288,Solar,5670
Urban,94,379,22569,2842,Wind,8143
Urban,98,799,16190,1377,Wind,3059
Urban,12,401,47752,4957,Hydropower,1140
Urban,19,630,37327,3194,Wind,2789
Mountain,44,679,47070,759,Solar,1016
Rural,59,317,25389,3164,Solar,1464
Urban,49,201,45197,1471,Wind,5471
Urban,61,653,7261,2013,Wind,2827
Mountain,17,387,33369,3115,Wind,9711
Mountain,74,266,31512,809,Hydropower,6956
Coastal,57,720,11716,2661,Solar,1089
Urban,55,135,26259,4320,Hydropower,5815
Coastal,47,843,33933,483,Hydropower,3851
Mountain,12,840,46689,3128,Solar,3843
Mountain,62,452,9378,4596,Solar,7543
Rural,80,775,45583,1291,Wind,6901
Urban,88,998,24835,1016,Wind,1969
Coastal,83,172,34033,282,Hydropower,2094
Mountain,8,747,29000,2120,Wind,7124
Mountain,95,452,15332,3691,Wind,8347
Coastal,21,990,47604,3344,Solar,4195
Rural,81,169,7800,2293,Solar,2404
Mountain,87,524,34538,4913,Wind,7940
Urban,80,807,35119,375,Solar,5290
Mountain,70,880,13333,2904,Wind,4982
Urban,72,660,10410,569,Solar,6555
Coastal,25,927,22839,2018,Solar,8954
Urban,82,741,35519,2301,Solar,5713
Coastal,89,616,10808,4985,Solar,4092
Urban,12,527,11796,3690,Wind,5159
Coastal,15,638,26180,1979,Hydropower,7308
Urban,59,259,48056,1564,Solar,8478
Rural,26,248,22709,4662,Wind,9476
Urban,26,875,22543,3542,Wind,5933
Urban,47,329,42418,4939,Solar,5926
Rural,32,811,34075,3876,Hydropower,4969
Mountain,10,661,42755,2626,Solar,3965
Mountain,16,166,42465,272,Wind,5319
Urban,71,911,35502,3162,Hydropower,9975
Rural,17,480,21724,1059,Wind,8108
Urban,23,157,8828,4056,Solar,4939
Coastal,26,358,22087,4338,Hydropower,1044
Coastal,85,441,17605,2624,Wind,2810
Urban,86,937,36337,1264,Wind,5566
Mountain,7,229,10482,2417,Wind,2909
Mountain,14,826,32005,4217,Solar,7364
Urban,79,271,27760,2459,Hydropower,3581
Urban,7,869,10463,3951,Solar,1691
Coastal,9,713,9912,2286,Solar,1931
Mountain,48,308,9648,568,Solar,8910
Urban,72,902,38623,3004,Hydropower,7382
Coastal,59,453,40634,350,Solar,4406
Mountain,87,570,49602,1334,Solar,9339
Rural,93,897,8112,2984,Solar,2032
Coastal,82,215,27054,4364,Solar,2311
Mountain,95,363,9492,2546,Wind,9579
Mountain,94,761,27207,2450,Solar,4121
Coastal,39,911,20114,260,Wind,2873
Rural,99,541,39285,3210,Solar,7781
Coastal,18,647,21018,4101,Hydropower,4748
Mountain,59,552,26386,1537,Wind,1277
Urban,17,944,22740,1384,Wind,2859
Urban,14,576,49199,4626,Wind,6929
Coastal,31,386,13210,1751,Wind,7792
Mountain,24,402,49363,4633,Hydropower,5713
Urban,99,410,17743,1829,Solar,5675
Mountain,60,307,47092,1527,Wind,2170
Coastal,45,717,49299,1726,Hydropower,9681
Urban,98,545,11588,1873,Wind,6308
Mountain,3,769,8311,1561,Solar,3462
Urban,37,732,27432,1773,Wind,1287
Coastal,43,154,38755,2886,Hydropower,6953
Mountain,40,111,8321,4570,Solar,5282
Urban,90,756,20812,2566,Hydropower,2907
Coastal,55,499,42383,3957,Solar,2161
Urban,87,747,18146,2634,Solar,1129
Urban,39,614,18654,2193,Solar,7337
Rural,15,755,40820,1069,Wind,3363
Rural,4,641,5726,1214,Hydropower,9151
Coastal,93,336,8760,2111,Hydropower,6983
Rural,86,378,27190,802,Hydropower,1143
Coastal,25,447,6875,4021,Solar,9207
Rural,13,726,28377,890,Wind,8469
Urban,82,203,9033,693,Solar,1244
Coastal,33,729,43211,689,Hydropower,1926
Coastal,16,616,22373,2756,Wind,4178
Urban,42,971,8744,4685,Wind,3176
Coastal,66,347,29995,494,Wind,6002
Coastal,55,463,21977,4227,Hydropower,1886
Rural,99,420,37402,3043,Wind,9532
Coastal,42,732,39542,3112,Wind,4398
Mountain,34,385,15651,1917,Solar,9497
Urban,30,248,38703,2796,Solar,3654
Rural,13,183,18395,4944,Wind,8392
Rural,13,505,34808,2073,Wind,2371
Mountain,18,555,41576,4863,Solar,8135
Urban,32,842,21715,3458,Solar,1320
Urban,96,899,49409,3017,Solar,5654
Rural,99,260,29306,644,Hydropower,6300
Coastal,39,883,24086,3841,Hydropower,7761
Rural,46,559,19376,4658,Solar,7854
Urban,29,649,10889,941,Wind,6505
Mountain,62,599,42822,2241,Solar,7553
Rural,93,837,41636,879,Hydropower,5042
Urban,62,608,25584,2667,Wind,8498
Rural,57,753,39610,3897,Hydropower,7636
Coastal,16,903,15058,1558,Wind,8362
Rural,56,580,14101,262,Hydropower,1011
Rural,10,762,17497,2759,Wind,1194
Urban,30,213,9658,3969,Wind,3537
Urban,25,848,16381,4551,Wind,3842
Urban,84,677,45312,334,Wind,3229
Rural,5,460,45486,3844,Hydropower,4009
Coastal,65,440,22154,2335,Hydropower,8984
Mountain,94,869,24539,3478,Wind,3077
Mountain,49,860,16777,1022,Wind,8845
Urban,3,548,39396,3274,Hydropower,4867
Urban,45,942,35373,3181,Wind,5873
Rural,14,934,38154,320,Wind,9635
Mountain,30,279,11031,1837,Wind,1297
Urban,68,801,32997,1124,Solar,6856
Coastal,18,506,11439,844,Wind,2015
Coastal,62,765,27785,2232,Solar,2384
Urban,37,295,18392,2961,Wind,9745
Urban,25,565,33669,2268,Hydropower,3350
Mountain,48,410,33939,441,Solar,2269
Mountain,65,361,7282,2868,Solar,2260
Rural,53,518,39624,1002,Wind,8701
Mountain,79,505,29364,4364,Wind,9376
Coastal,73,242,6998,395,Solar,5563
Coastal,15,441,36705,2387,Hydropower,7897
Urban,49,415,43244,3715,Hydropower,6672
Mountain,88,200,14428,2530,Wind,6593
Rural,68,343,42437,2559,Hydropower,7155
Coastal,12,589,17336,3806,Hydropower,6543
Coastal,59,111,14342,476,Wind,8240
Rural,37,338,44832,260,Hydropower,5683
Rural,61,660,12446,3590,Wind,2881
Coastal,43,141,43392,2113,Solar,9713
Coastal,70,777,12461,4127,Wind,4809
Rural,39,693,39587,2791,Solar,6807
Coastal,56,528,15516,766,Solar,5883
Urban,63,902,18749,4135,Hydropower,8206
Urban,46,257,22514,1771,Hydropower,5155
Rural,88,315,40426,4917,Hydropower,5673
Mountain,11,769,41268,1400,Wind,2409
Rural,62,561,29950,4609,Hydropower,6197
Rural,77,233,39888,3054,Solar,8452
Mountain,98,166,41788,3095,Hydropower,9718
Mountain,25,947,15213,1436,Hydropower,3172
Mountain,71,106,41027,336,Wind,1279
Urban,52,625,33011,1229,Wind,4977
Coastal,4,172,47849,2356,Solar,3669
Urban,59,498,39591,2794,Wind,8825
Coastal,72,504,22858,861,Hydropower,4981
Urban,20,774,23626,2672,Wind,5769
Coastal,93,677,18467,2877,Solar,6247
Urban,63,958,44758,2508,Hydropower,5427
Mountain,54,229,8134,286,Solar,7135
Rural,74,565,21743,2712,Wind,6573
Urban,98,305,20434,3142,Wind,5131
Coastal,57,887,15233,2973,Solar,8189
Mountain,90,867,6141,2704,Hydropower,5535
Urban,41,365,23019,3510,Wind,3776
Urban,3,636,25384,1900,Wind,8697
Mountain,6,892,47903,3870,Hydropower,9386
Urban,5,352,41129,2900,Wind,1662
Rural,5,921,27967,3829,Solar,9671
Urban,54,388,45603,4790,Wind,9044
Rural,47,263,16172,1847,Wind,5218
Rural,87,194,21390,3518,Hydropower,6060
Mountain,49,881,8267,3887,Solar,6874
Urban,9,932,44332,796,Hydropower,6581
Mountain,99,209,31167,4745,Wind,3014
Urban,20,435,26312,684,Wind,4789
Urban,61,921,32840,845,Hydropower,8148
Coastal,35,337,23990,3289,Hydropower,8766
Urban,50,480,49179,4957,Hydropower,3364
Mountain,82,535,10906,4584,Solar,4629
Rural,62,998,45379,920,Wind,6919
Urban,17,582,22297,4933,Hydropower,6675
Coastal,88,124,7011,698,Wind,9872
Mountain,3,752,49014,4929,Solar,7638
Urban,32,216,16738,1873,Solar,5651
Mountain,99,581,33797,3267,Solar,1609
Coastal,13,491,16120,314,Solar,8940
Coastal,89,636,13767,3179,Wind,4866
Mountain,73,178,27852,4969,Solar,1371
Urban,68,679,18703,1936,Solar,7998
Rural,14,272,5929,3811,Hydropower,1615
Coastal,98,111,16951,2453,Solar,7911
Urban,11,899,31039,2494,Hydropower,7010
Urban,56,227,34504,3830,Solar,3253
Rural,67,707,22438,346,Solar,5942
Coastal,92,191,10744,4182,Hydropower,1864
Coastal,29,752,23284,3653,Solar,2268
Urban,9,642,47417,4707,Wind,8454
Urban,67,945,44748,2610,Wind,9976
Rural,25,631,12069,336,Solar,5571
Rural,98,757,47359,3560,Wind,6229
Coastal,76,927,24799,3205,Hydropower,3237
Mountain,42,546,38210,3752,Solar,5054
Coastal,9,489,33226,218,Solar,1935
Urban,79,771,9652,2442,Hydropower,7394
Coastal,40,960,29323,648,Hydropower,8891
Mountain,25,142,47138,2148,Hydropower,1325
Rural,5,353,12597,1145,Solar,8774
Mountain,11,229,42226,4436,Hydropower,4861
Mountain,59,159,11591,2120,Hydropower,2985
Mountain,98,762,30833,3177,Wind,5932
Rural,88,566,16826,4388,Wind,5603
Mountain,79,386,31417,4215,Solar,3778
Mountain,38,616,23693,438,Wind,9832
Mountain,72,566,19138,404,Wind,8754
Urban,5,877,7169,2807,Hydropower,5078
Mountain,48,444,23556,4540,Hydropower,2367
Rural,90,741,27052,3588,Wind,5042
Mountain,18,481,11313,3172,Wind,3575
Mountain,70,878,13315,4590,Wind,7754
Rural,37,789,13036,2887,Solar,2581
Mountain,60,352,36778,4366,Solar,2986
Rural,48,155,32734,1548,Solar,3240
Mountain,77,562,28173,4600,Wind,4966
Rural,28,556,35403,1016,Wind,8604
Mountain,69,182,5785,1020,Solar,9320
Mountain,77,198,11139,392,Solar,6968
Urban,81,248,11344,1976,Wind,8493
Urban,40,428,23800,3845,Hydropower,5103
Mountain,45,255,30372,4824,Solar,3076
Mountain,96,289,25538,450,Wind,6231
Coastal,62,593,19973,1988,Wind,3994
